{
  "cells": [
    {
      "raw": "import numpy as np\nimport os\nimport pandas as pd\n",
      "total-ns": 514862094
    },
    {
      "raw": "train_df = pd.read_csv('../input/feedback-prize-english-language-learning/train.csv')\ntest_df = pd.read_csv('../input/feedback-prize-english-language-learning/test.csv')",
      "total-ns": 194710527
    },
    {
      "raw": "df = train_df\nintended_df_size_in_MB = 256\nfactor = intended_df_size_in_MB*(2**20)//(train_df.memory_usage(index=True).sum()+test_df.memory_usage(index=True).sum())\nif factor > 0:\n    df = pd.concat([df]*factor, ignore_index=True)\ntrain_df = df\n\ndf = test_df\nif factor > 0:\n    df = pd.concat([df]*factor, ignore_index=True)\ntest_df = df\n    \ntrain_df.info()\ntest_df.info()",
      "total-ns": 620847143
    },
    {
      "raw": "train_df.head()",
      "total-ns": 728963
    },
    {
      "raw": "test_df.head()",
      "total-ns": 419697
    },
    {
      "raw": "len(train_df), len(test_df)",
      "total-ns": 305865
    },
    {
      "raw": "LABEL_COLUMNS = ['cohesion', 'syntax', 'vocabulary', 'phraseology', 'grammar', 'conventions']",
      "total-ns": 303898
    },
    {
      "raw": "## ORIGINAL:\n# texts = train_df.sample(frac=1, random_state=420).head(4)\n## TO RUN WITH KOALAS\ntexts = train_df.sample(frac=1.0, random_state=420).head(4)",
      "total-ns": 2532080855
    },
    {
      "raw": "train_df['total_score'] = train_df[LABEL_COLUMNS].sum(axis=1)\nlowest_df = train_df.sort_values('total_score').head(4)",
      "total-ns": 2581734501
    },
    {
      "raw": "train_df['total_score'] = train_df[LABEL_COLUMNS].sum(axis=1)\nhighest_df = train_df.sort_values('total_score', ascending=False).head(4)",
      "total-ns": 2566308950
    },
    {
      "raw": "train_df['word_count'] = train_df.full_text.apply(lambda x: len(x.split()))",
      "total-ns": 97636566574
    },
    {
      "raw": "train_df['word_count'].mean()",
      "total-ns": 9386063
    },
    {
      "raw": "train_df['word_count'].max()",
      "total-ns": 5901684
    }
  ]
}