{
  "cells": [
    {
      "raw": "import pandas as pd\ndf = pd.read_csv(filepath_or_buffer='../input/Airline Dataset.csv', parse_dates=['Departure Date'])\ndf.head()",
      "total-ns": 794106564
    },
    {
      "raw": "df = df\nintended_df_size_in_MB = 256\nfactor = intended_df_size_in_MB*(2**20)/df.memory_usage(index=True).sum()\nif int(factor) > 0:\n    df = pd.concat([df]*int(factor), ignore_index=True)\nelse:\n    rowCount = int(df.shape[0]*factor)\n    df = df[0:rowCount]\ndf = df\ndf.info()",
      "total-ns": 577566719
    },
    {
      "raw": "df.info()",
      "total-ns": 4349720
    },
    {
      "raw": "df.nunique()",
      "total-ns": 1989064390
    },
    {
      "raw": "df['Departure Date'].dt.year.value_counts()",
      "total-ns": 114612508
    },
    {
      "raw": "df['Last Name'].value_counts().nlargest(n=10)",
      "total-ns": 327118193
    }
  ]
}