{
  "cells": [
    {
      "raw": "import numpy as np\nimport os\nimport pandas as pd\nimport seaborn as sns\nimport matplotlib.pyplot as plt",
      "total-ns": 1174724840
    },
    {
      "raw": "passmark = 40",
      "total-ns": 413940
    },
    {
      "raw": "df = pd.read_csv(\"../input/StudentsPerformance.csv\")",
      "total-ns": 5956959
    },
    {
      "raw": "df = df\nintended_df_size_in_MB = 256\nfactor = intended_df_size_in_MB*(2**20)/df.memory_usage(index=True).sum()\nif int(factor) > 0:\n    df = pd.concat([df]*int(factor), ignore_index=True)\nelse:\n    rowCount = int(df.shape[0]*factor)\n    df = df[0:rowCount]\ndf = df\ndf.info()",
      "total-ns": 315892715
    },
    {
      "raw": "df.head()",
      "total-ns": 386420
    },
    {
      "raw": "print (df.shape)",
      "total-ns": 186280
    },
    {
      "raw": "df.describe()",
      "total-ns": 293324515
    },
    {
      "raw": "df.isnull().sum()",
      "total-ns": 1798238768
    },
    {
      "raw": "# STEFANOS: Disable plotting\n# p = sns.countplot(x=\"math score\", data = df, palette=\"muted\")\n# _ = plt.setp(p.get_xticklabels(), rotation=90) ",
      "total-ns": 216970
    },
    {
      "raw": "df['Math_PassStatus'] = np.where(df['math score']<passmark, 'F', 'P')\ndf.Math_PassStatus.value_counts()",
      "total-ns": 211570856
    },
    {
      "raw": "# STEFANOS: Disable plotting\n# p = sns.countplot(x='parental level of education', data = df, hue='Math_PassStatus', palette='bright')\n# _ = plt.setp(p.get_xticklabels(), rotation=90) ",
      "total-ns": 238280
    },
    {
      "raw": "# STEFANOS: Disable plotting\n# sns.countplot(x=\"reading score\", data = df, palette=\"muted\")\n# plt.show()",
      "total-ns": 101640
    },
    {
      "raw": "df['Reading_PassStatus'] = np.where(df['reading score']<passmark, 'F', 'P')\ndf.Reading_PassStatus.value_counts()",
      "total-ns": 210453716
    },
    {
      "raw": "# STEFANOS: Disable plotting\n# p = sns.countplot(x='parental level of education', data = df, hue='Reading_PassStatus', palette='bright')\n# _ = plt.setp(p.get_xticklabels(), rotation=90) ",
      "total-ns": 215671
    },
    {
      "raw": "# STEFANOS: Disable plotting\n# p = sns.countplot(x=\"writing score\", data = df, palette=\"muted\")\n# _ = plt.setp(p.get_xticklabels(), rotation=90) ",
      "total-ns": 82560
    },
    {
      "raw": "df['Writing_PassStatus'] = np.where(df['writing score']<passmark, 'F', 'P')\ndf.Writing_PassStatus.value_counts()",
      "total-ns": 209627676
    },
    {
      "raw": "# STEFANOS: Disable plotting\n# p = sns.countplot(x='parental level of education', data = df, hue='Writing_PassStatus', palette='bright')\n# _ = plt.setp(p.get_xticklabels(), rotation=90) ",
      "total-ns": 206390
    },
    {
      "raw": "df['OverAll_PassStatus'] = df.apply(lambda x : 'F' if x['Math_PassStatus'] == 'F' or \n                                    x['Reading_PassStatus'] == 'F' or x['Writing_PassStatus'] == 'F' else 'P', axis =1)\n\ndf.OverAll_PassStatus.value_counts()",
      "total-ns": 29874261343
    },
    {
      "raw": "# STEFANOS: Disable plotting\n# p = sns.countplot(x='parental level of education', data = df, hue='OverAll_PassStatus', palette='bright')\n# _ = plt.setp(p.get_xticklabels(), rotation=90) ",
      "total-ns": 213260
    },
    {
      "raw": "df['Total_Marks'] = df['math score']+df['reading score']+df['writing score']\ndf['Percentage'] = df['Total_Marks']/3",
      "total-ns": 35705900
    },
    {
      "raw": "# STEFANOS: Disable plotting\n# p = sns.countplot(x=\"Percentage\", data = df, palette=\"muted\")\n# _ = plt.setp(p.get_xticklabels(), rotation=0) ",
      "total-ns": 262930
    },
    {
      "raw": "def GetGrade(Percentage, OverAll_PassStatus):\n    if ( OverAll_PassStatus == 'F'):\n        return 'F'    \n    if ( Percentage >= 80 ):\n        return 'A'\n    if ( Percentage >= 70):\n        return 'B'\n    if ( Percentage >= 60):\n        return 'C'\n    if ( Percentage >= 50):\n        return 'D'\n    if ( Percentage >= 40):\n        return 'E'\n    else: \n        return 'F'\n\ndf['Grade'] = df.apply(lambda x : GetGrade(x['Percentage'], x['OverAll_PassStatus']), axis=1)\n\ndf.Grade.value_counts()",
      "total-ns": 30948366633
    },
    {
      "raw": "# STEFANOS: Disable plotting\n# sns.countplot(x=\"Grade\", data = df, order=['A','B','C','D','E','F'],  palette=\"muted\")\n# plt.show()",
      "total-ns": 263260
    },
    {
      "raw": "# STEFANOS: Disable plotting\n# p = sns.countplot(x='parental level of education', data = df, hue='Grade', palette='bright')\n# _ = plt.setp(p.get_xticklabels(), rotation=90) ",
      "total-ns": 167330
    }
  ]
}