{
  "cells": [
    {
      "raw": "\nimport matplotlib.pyplot as plt\nimport seaborn as sns\nimport os\n\nimport os\nos.environ[\"MODIN_ENGINE\"] = \"ray\"\nimport ray\nos.environ['MODIN_CPUS'] = \"4\"\nray.init(num_cpus=4, runtime_env={'env_vars': {'__MODIN_AUTOIMPORT_PANDAS__': '1'}})\nimport modin.pandas as pd\n",
      "total-ns": 3868707297
    },
    {
      "raw": "data=pd.read_csv(\"../input/superstore/SampleSuperstore.csv\")",
      "total-ns": 5446715982
    },
    {
      "raw": "df = data\nintended_df_size_in_MB = 256\nfactor = intended_df_size_in_MB*(2**20)/df.memory_usage(index=True).sum()\nif int(factor) > 0:\n    df = pd.concat([df]*int(factor), ignore_index=True)\nelse:\n    rowCount = int(df.shape[0]*factor)\n    df = df[0:rowCount]\ndata = df\ndata.info()",
      "total-ns": 4559053375
    },
    {
      "raw": "data.head()",
      "total-ns": 5580390
    },
    {
      "raw": "data.info()",
      "total-ns": 4603757046
    },
    {
      "raw": "data.duplicated().sum()",
      "total-ns": 74278251684
    },
    {
      "raw": "data.drop_duplicates(inplace= True)",
      "total-ns": 78978842960
    },
    {
      "raw": "data.info()",
      "total-ns": 922927172
    },
    {
      "raw": "data.drop([\"Postal Code\"], axis=1,inplace= True)",
      "total-ns": 2152140
    },
    {
      "raw": "data.info()",
      "total-ns": 99530650
    },
    {
      "raw": "data.corr()",
      "total-ns": 33103587
    },
    {
      "raw": "# sns.heatmap(data.corr(), annot=True)\n_ = data.corr()",
      "total-ns": 106159669
    },
    {
      "raw": "data[\"Ship Mode\"].value_counts()",
      "total-ns": 137349707
    },
    {
      "raw": "# STEFANOS: Disable plotting\n# sns.countplot(x= data['Ship Mode'])",
      "total-ns": 476020
    },
    {
      "raw": "data[\"Segment\"].value_counts()",
      "total-ns": 58825015
    },
    {
      "raw": "# STEFANOS: Disable plotting\n# sns.countplot(x= data['Segment'])",
      "total-ns": 270780
    },
    {
      "raw": "data[\"Category\"].value_counts()",
      "total-ns": 69471862
    },
    {
      "raw": "# STEFANOS: Disable plotting\n# sns.countplot(x= data['Category'])",
      "total-ns": 313060
    },
    {
      "raw": "data[\"Sub-Category\"].value_counts()\n",
      "total-ns": 60980915
    },
    {
      "raw": "# STEFANOS: Disable plotting\n# plt.figure(figsize=(15,15))\n# plt.pie(data[\"Sub-Category\"].value_counts(), labels= data[\"Sub-Category\"].value_counts().index, autopct =\"%2f\")\n# plt.show()",
      "total-ns": 528600
    },
    {
      "raw": "st_profit=data.groupby([\"State\"])[\"Profit\"].sum().nlargest(20)",
      "total-ns": 51266095
    },
    {
      "raw": "st_profit",
      "total-ns": 343660
    },
    {
      "raw": "# STEFANOS: Disable plotting\n# plt.figure(figsize=(15,8))\n# st_profit.plot.bar()",
      "total-ns": 133140
    },
    {
      "raw": "# STEFANOS: Disable plotting\n# sns.lineplot(data=data, x=\"Discount\", y= \"Profit\")",
      "total-ns": 246030
    },
    {
      "raw": "# STEFANOS: Disable plotting\n# data.plot(kind=\"scatter\",x=\"Sales\",y=\"Profit\", c=\"Discount\", colormap=\"Set1\",figsize=(10,10))",
      "total-ns": 91190
    },
    {
      "raw": "data1= data.groupby(\"State\")[[\"Sales\",\"Profit\"]].sum().sort_values(by=\"Sales\", ascending=False)\n# STEFANOS: Disable plotting\n# data1[:].plot.bar(color = [\"Green\",\"Red\"], figsize=(20,12))\n# plt.title(\"Profit-Loss and Sales across States\")\n# plt.show()",
      "total-ns": 55508474
    },
    {
      "raw": "\ndata1= data.groupby(\"Region\")[[\"Sales\",\"Profit\"]].sum().sort_values(by=\"Sales\", ascending=False)\n# STEFANOS: Disable plotting\n# data1[:].plot.bar(color = [\"Blue\",\"Red\"], figsize=(10,7))\n# plt.title(\"Profit-Loss and Sales across Region\")\n# plt.show()\n",
      "total-ns": 55636415
    }
  ]
}