{
  "cells": [
    {
      "raw": "import numpy as np # linear algebra\nimport os\n\nimport pandas as pd\nimport functools\n\nimport os\nos.environ[\"MODIN_ENGINE\"] = \"ray\"\nimport ray\nos.environ['MODIN_CPUS'] = \"4\"\nray.init(num_cpus=4, runtime_env={'env_vars': {'__MODIN_AUTOIMPORT_PANDAS__': '1'}})\nimport modin.pandas as modin_pd\n\n\nos.environ[\"USE_MODIN\"]=\"True\"\n\nfrom typing import Dict, List, Optional, Tuple, Any, Literal, Callable\nfrom pandas._typing import AggFuncType, Axis\n\n_CS598_save_DataFrame_apply = pd.DataFrame.apply\n_CS598_save_Series_apply = pd.Series.apply\n\ndef _CS598_Series_apply(self, func: AggFuncType, convert_dtype: bool = True,\n                        args: tuple[Any, ...] = (), **kwargs):\n  default_call = functools.partial(_CS598_save_Series_apply, self, func, convert_dtype, args, **kwargs)\n  assert isinstance(self, pd.Series)\n  \n  if os.environ[\"USE_MODIN\"] == \"True\":\n    modin_ser = modin_pd.Series(self)\n    modin_call = functools.partial(modin_pd.Series.apply, modin_ser, func, convert_dtype, args, **kwargs)\n    modin_res = modin_call()\n    return modin_res._to_pandas()\n  return default_call()\n\nassert pd.Series.apply != _CS598_Series_apply\n# Overwriting is not trivial. Thanks to:\n# https://github.com/lux-org/lux/blob/550a2eca90b26c944ebe8600df7a51907bc851be/lux/core/__init__.py#L27\npd.Series.apply = pd.core.frame.Series.apply = _CS598_Series_apply\n\n# Visualisation\nimport plotly.express as px\nimport plotly.graph_objects as go\nfrom plotly.subplots import make_subplots",
      "total-ns": 4045396374
    },
    {
      "raw": "# load & cleanup\nfile = '../input/indian-startup-recognized-by-dpiit/Startup_Counts_Across_India.csv'\ndf = pd.read_csv(file)",
      "total-ns": 12527270
    },
    {
      "raw": "df = df\nintended_df_size_in_MB = 256\nfactor = intended_df_size_in_MB*(2**20)/df.memory_usage(index=True).sum()\nif int(factor) > 0:\n    df = pd.concat([df]*int(factor), ignore_index=True)\nelse:\n    rowCount = int(df.shape[0]*factor)\n    df = df[0:rowCount]\ndf = df\ndf.info()",
      "total-ns": 393512872
    },
    {
      "raw": "df.drop('S No.',axis=1,inplace=True)\ndf.dropna(inplace=True)\ndf.reset_index(inplace=True,drop=True)\n\n#view\ndf.head()",
      "total-ns": 1549007180
    },
    {
      "raw": "# %%time\n# Industry sub-categories for environmental & AI startups\nenv = ['Agriculture','Green Technology','Renewable Energy','Waste Management']\nai = ['AI','Robotics','Computer Vision']\n\n# combined df - environmental & AI startups only\ndf_ea = df.loc[(df['Industry'].isin(env)) | (df['Industry'].isin(ai))].reset_index(drop=True,inplace=False)\n\n# custom function to set Main Industry\ndef set_MainIndustry(ind):\n    if ind in env:\n        return 'ENV'\n    else:\n        return 'AI'\n\n# adding a new column\ndf_ea['MainIndustry'] = df_ea.Industry.apply(lambda x: set_MainIndustry(x))\n\n# basic stats\nprint(f\"A total of {df_ea.shape[0]} startups were started in India between 2016 & 2022, out of which {df_ea.groupby('MainIndustry').size()['ENV']} are environmental related & {df_ea.groupby('MainIndustry').size()['AI']} are AI startups.\")",
      "total-ns": 14592557938
    }
  ]
}