{
  "cells": [
    {
      "raw": "import os\n\nimport pandas as pd\nimport functools\n\nimport os\nos.environ[\"MODIN_ENGINE\"] = \"ray\"\nimport ray\nos.environ['MODIN_CPUS'] = \"4\"\nray.init(num_cpus=4, runtime_env={'env_vars': {'__MODIN_AUTOIMPORT_PANDAS__': '1'}})\nimport modin.pandas as modin_pd\n\n\nos.environ[\"USE_MODIN\"]=\"True\"\n\nfrom typing import Dict, List, Optional, Tuple, Any, Literal, Callable\nfrom pandas._typing import AggFuncType, Axis\n\n_CS598_save_DataFrame_apply = pd.DataFrame.apply\n_CS598_save_Series_apply = pd.Series.apply\n\ndef _CS598_Series_apply(self, func: AggFuncType, convert_dtype: bool = True,\n                        args: tuple[Any, ...] = (), **kwargs):\n  default_call = functools.partial(_CS598_save_Series_apply, self, func, convert_dtype, args, **kwargs)\n  assert isinstance(self, pd.Series)\n  \n  if os.environ[\"USE_MODIN\"] == \"True\":\n    modin_ser = modin_pd.Series(self)\n    modin_call = functools.partial(modin_pd.Series.apply, modin_ser, func, convert_dtype, args, **kwargs)\n    modin_res = modin_call()\n    return modin_res._to_pandas()\n  return default_call()\n\nassert pd.Series.apply != _CS598_Series_apply\n# Overwriting is not trivial. Thanks to:\n# https://github.com/lux-org/lux/blob/550a2eca90b26c944ebe8600df7a51907bc851be/lux/core/__init__.py#L27\npd.Series.apply = pd.core.frame.Series.apply = _CS598_Series_apply\nimport seaborn as sns \nimport matplotlib.pyplot as plt ",
      "total-ns": 4620707557
    },
    {
      "raw": "data = pd.read_csv('../input/nfl-big-data-bowl-2023/week1.csv')\nscout = pd.read_csv('../input/nfl-big-data-bowl-2023/pffScoutingData.csv')\nplays = pd.read_csv('../input/nfl-big-data-bowl-2023/plays.csv')\nplayers = pd.read_csv('../input/nfl-big-data-bowl-2023/players.csv')\n\n# Let's merge these data into one set \ndata = data.merge(scout, how='left')\ndata.shape",
      "total-ns": 2223181332
    },
    {
      "raw": "df = data\nintended_df_size_in_MB = 256\nfactor = intended_df_size_in_MB*(2**20)/df.memory_usage(index=True).sum()\nif int(factor) > 0:\n    df = pd.concat([df]*int(factor), ignore_index=True)\nelse:\n    rowCount = int(df.shape[0]*factor)\n    df = df[0:rowCount]\ndata = df\ndata.info()",
      "total-ns": 854218961
    },
    {
      "raw": "# get ball snap indicies \n_idxs = (data\n         .loc[data['event']=='ball_snap', \n              'frameId']\n         .index\n         .values)\n\n# to get 500ms of movement after snap, get 5 rows (each row is 100ms of info)\nx = [(_idxs+x).tolist() for x in range(0,6)]\nidxs = [item for sublist in x for item in sublist] #the output x is a list of lists, so this is just to flatten the list\n\n# filter for snap + 500ms of data only using our selected indicies\n_df = data.loc[idxs]",
      "total-ns": 115983242
    },
    {
      "raw": "gid = 2021090900\npid = 97 \nnid = 25511 \n_df.loc[(_df['gameId']==gid) & (_df['playId']==pid) & (_df['nflId']==nid)]",
      "total-ns": 18566831
    },
    {
      "raw": "# get line of scrimmage info to compute block/rush depth relative to LOS\n_los = (data\n        .loc[(data['team']=='football') & \n             (data['frameId']==1), \n             ['gameId', 'playId', 'x']]\n        .rename(columns={'x':'los'}))\n\n# merge LOS info back to subsetted data\n_df = _df.merge(_los)",
      "total-ns": 277953206
    },
    {
      "raw": "_df.loc[(_df['gameId']==gid) & (_df['playId']==pid) & (_df['nflId']==nid)]",
      "total-ns": 14673611
    },
    {
      "raw": "# get difference from LOS for all frames and players \n_df['los_diff'] = _df['x'].sub(_df['los'])\n\n# multiply by -1 for plays going the \"left\" direction \n# this is so pass block is monotonic in the same direction (as well as pass rush)\n_df.loc[_df['playDirection']=='left', 'los_diff'] = _df.loc[_df['playDirection']=='left', 'los_diff'].mul(-1)\n\n# merge onto play info to get possession team (could do this anywhere, i do it here for no real optimal reason)\n_df = plays.loc[:, ['gameId', 'playId', 'possessionTeam']].merge(_df)",
      "total-ns": 68083531
    },
    {
      "raw": "_df.loc[(_df['gameId']==gid) & (_df['playId']==pid) & (_df['nflId']==nid)]",
      "total-ns": 16332101
    },
    {
      "raw": "# indicate if a player is on the possession team (1), the defensive team (0), or neither aka the football (-1)\n_df['posTeam'] = 0\n_df.loc[_df['possessionTeam']==_df['team'], 'posTeam'] = 1 \n_df.loc[_df['team']=='football', 'posTeam'] = -1\n\n# create initial snap speed dataframe (mean of speed and acceleration per player)\nsnap_speed = (_df\n              .loc[:, ['nflId','s','a']]\n              .groupby('nflId', \n                       as_index=False)\n              .mean())",
      "total-ns": 25228190
    },
    {
      "raw": "snap_speed.head()",
      "total-ns": 357250
    },
    {
      "raw": "# given whether a offense player or defense player, aggregate by maxmimum or minimum LOS difference, respectively. \n# e.g. if o-lineman has more a negative LOS diff, they allow more pass rush penetration \n_off = _df.loc[_df['posTeam']==1, ['gameId', 'playId', 'nflId', 'los_diff']].groupby(['gameId', 'playId', 'nflId'], as_index=False).max()\n_def = _df.loc[_df['posTeam']==0, ['gameId', 'playId', 'nflId', 'los_diff']].groupby(['gameId', 'playId', 'nflId'], as_index=False).min()\nlos_diff = _off.append(_def)\nlos_diff = (los_diff\n            .loc[:, ['nflId', 'los_diff']]\n            .groupby('nflId', \n                     as_index=False)\n            .mean())\n\n# merge LOS diff data back onto snap speed\nsnap_speed = snap_speed.merge(los_diff)\nsnap_speed = snap_speed.rename(columns={'s':'snap_s', 'a':'snap_a', 'los_diff':'snap_los_diff'})\n",
      "total-ns": 41019891
    },
    {
      "raw": "snap_speed.head()",
      "total-ns": 350260
    },
    {
      "raw": "df_plt = players.loc[:, ['nflId', 'officialPosition', 'displayName']].merge(snap_speed)\n# STEFANOS: Disable plotting\n# sns.scatterplot(data=df_plt.loc[df_plt['officialPosition'].isin(['T','G','C','DT','NT','DE'])], x='snap_s', y='snap_los_diff', hue='officialPosition')\n# plt.axhline(0, ls=':', lw=2, c='k')\n# plt.legend(bbox_to_anchor=(1.02,1), loc=2)\n# sns.despine()\n# plt.show()",
      "total-ns": 2792830
    },
    {
      "raw": "df_plt.loc[(df_plt['officialPosition']=='DE') & (df_plt['snap_los_diff']<0)].sort_values('snap_los_diff')",
      "total-ns": 1128360
    }
  ]
}