{
  "cells": [
    {
      "raw": "#Import required libraries\n\nimport pandas as pd\nimport functools\n\nimport os\nos.environ[\"MODIN_ENGINE\"] = \"ray\"\nimport ray\nos.environ['MODIN_CPUS'] = \"4\"\nray.init(num_cpus=4, runtime_env={'env_vars': {'__MODIN_AUTOIMPORT_PANDAS__': '1'}})\nimport modin.pandas as modin_pd\n\n\nos.environ[\"USE_MODIN\"]=\"True\"\n\nfrom typing import Dict, List, Optional, Tuple, Any, Literal, Callable\nfrom pandas._typing import AggFuncType, Axis\n\n_CS598_save_DataFrame_apply = pd.DataFrame.apply\n_CS598_save_Series_apply = pd.Series.apply\n\ndef _CS598_Series_apply(self, func: AggFuncType, convert_dtype: bool = True,\n                        args: tuple[Any, ...] = (), **kwargs):\n  default_call = functools.partial(_CS598_save_Series_apply, self, func, convert_dtype, args, **kwargs)\n  assert isinstance(self, pd.Series)\n  \n  if os.environ[\"USE_MODIN\"] == \"True\":\n    modin_ser = modin_pd.Series(self)\n    modin_call = functools.partial(modin_pd.Series.apply, modin_ser, func, convert_dtype, args, **kwargs)\n    modin_res = modin_call()\n    return modin_res._to_pandas()\n  return default_call()\n\nassert pd.Series.apply != _CS598_Series_apply\n# Overwriting is not trivial. Thanks to:\n# https://github.com/lux-org/lux/blob/550a2eca90b26c944ebe8600df7a51907bc851be/lux/core/__init__.py#L27\npd.Series.apply = pd.core.frame.Series.apply = _CS598_Series_apply\nimport numpy as np",
      "total-ns": 3237284996
    },
    {
      "raw": "#load bitcoin data\nbtc_master = pd.read_csv('../input/gemini_BTCUSD_2020_1min.csv')\n\n#load ethereum data\neth_master = pd.read_csv('../input/gemini_ETHUSD_2020_1min.csv')\n\n#load litecoin data\nltc_master = pd.read_csv('../input/gemini_LTCUSD_2020_1min.csv')",
      "total-ns": 2654723383
    },
    {
      "raw": "df = btc_master\nintended_df_size_in_MB = 256\nfactor = intended_df_size_in_MB*(2**20)/(btc_master.memory_usage(index=True).sum()+eth_master.memory_usage(index=True).sum()+ltc_master.memory_usage(index=True).sum())\nif int(factor) > 0:\n    df = pd.concat([df]*int(factor), ignore_index=True)\nelse:\n    rowCount = int(df.shape[0]*factor)\n    df = df[0:rowCount]\nbtc_master = df\n\ndf = eth_master\nif int(factor) > 0:\n    df = pd.concat([df]*int(factor), ignore_index=True)\nelse:\n    rowCount = int(df.shape[0]*factor)\n    df = df[0:rowCount]\neth_master = df\n\ndf = ltc_master\nif int(factor) > 0:\n    df = pd.concat([df]*int(factor), ignore_index=True)\nelse:\n    rowCount = int(df.shape[0]*factor)\n    df = df[0:rowCount]\nltc_master = df\n    \nbtc_master.info()\neth_master.info()\nltc_master.info()",
      "total-ns": 860036684
    },
    {
      "raw": "#Check the data dimensions for bitcoin\nbtc_master.head()",
      "total-ns": 438250
    },
    {
      "raw": "btc_master.info()",
      "total-ns": 251290306
    },
    {
      "raw": "#Check the data dimensions for ethereum\neth_master.shape",
      "total-ns": 330810
    },
    {
      "raw": "eth_master.info()",
      "total-ns": 252253576
    },
    {
      "raw": "#Check the data dimensions for litecoin\nltc_master.shape",
      "total-ns": 322860
    },
    {
      "raw": "ltc_master.info()",
      "total-ns": 248490977
    },
    {
      "raw": "#Convert the object type Date column to datetime type\nbtc_master['Date'] = pd.to_datetime(btc_master['Date'], format='%m/%d/%Y %H:%M')\neth_master['Date'] = pd.to_datetime(eth_master['Date'], format='%m/%d/%Y %H:%M')\nltc_master['Date'] = pd.to_datetime(ltc_master['Date'], format='%m/%d/%Y %H:%M')",
      "total-ns": 7949018772
    },
    {
      "raw": "#drop from bitcoin\nbtc_master.drop(['Unix Timestamp','Symbol','Open', 'High','Low'], axis = 1, inplace = True)\n#drop from ethereum \neth_master.drop(['Unix Timestamp','Symbol','Open', 'High','Low'], axis = 1, inplace = True)\n#drop from litecoin\nltc_master.drop(['Unix Timestamp','Symbol','Open', 'High','Low'], axis = 1, inplace = True)\n\nltc_master.columns",
      "total-ns": 21684287
    },
    {
      "raw": "#get all the records in bitcoin dataset but not in ethereum dataset\nbtc_master[~(btc_master['Date'].isin(eth_master[\"Date\"]))]",
      "total-ns": 127548123
    },
    {
      "raw": "#get all the records in ethereum dataset but not in bitcoin dataset\neth_master[~(eth_master['Date'].isin(btc_master[\"Date\"]))]",
      "total-ns": 100431976
    },
    {
      "raw": "#get all the records in litecoin dataset but not in bitcoin dataset\nltc_master[~(ltc_master['Date'].isin(btc_master[\"Date\"]))].count()",
      "total-ns": 104863476
    },
    {
      "raw": "#get all the records in litecoin dataset but not in ethereum dataset\nltc_master[~(ltc_master['Date'].isin(eth_master[\"Date\"]))].count()",
      "total-ns": 135402882
    },
    {
      "raw": "#Loose the time information\nbtc_master['Date'] = btc_master['Date'].dt.date\n\n#Aggregate by date\nbtc_grouped = pd.pivot_table(btc_master, values=['Close', 'Volume'], index=['Date'],\n                    aggfunc={'Close': np.mean,\n                             'Volume': np.sum})\n\nbtc_grouped.head()",
      "total-ns": 325791866
    },
    {
      "raw": "btc_grouped.shape",
      "total-ns": 367410
    },
    {
      "raw": "#Loose the time information\neth_master['Date'] = eth_master['Date'].dt.date\n\n#Aggregate by date\neth_grouped = pd.pivot_table(eth_master, values=['Close', 'Volume'], index=['Date'],\n                    aggfunc={'Close': np.mean,\n                             'Volume': np.sum})\neth_grouped.head()",
      "total-ns": 343943924
    },
    {
      "raw": "eth_grouped.shape",
      "total-ns": 356690
    },
    {
      "raw": "#Loose the time information\nltc_master['Date'] = ltc_master['Date'].dt.date\n\n#Aggregate by date\nltc_grouped = pd.pivot_table(ltc_master, values=['Close', 'Volume'], index=['Date'],\n                    aggfunc={'Close': np.mean,\n                             'Volume': np.sum})\nltc_grouped.head()",
      "total-ns": 339430744
    },
    {
      "raw": "ltc_grouped.shape",
      "total-ns": 375700
    },
    {
      "raw": "btc = btc_grouped['Close'].max()\neth = eth_grouped['Close'].max()\nltc = ltc_grouped['Close'].max()\n\n#What is the highest closing value of Bitcoin and when\nprint(\"Highest average value of BTC \", btc,\"was recorded on \",btc_grouped[btc_grouped['Close'] == btc].index.values[0])\n\n#What is the highest closing value of Ethereum and when\nprint(\"Highest average value of ETH \", eth,\"was recorded on \",eth_grouped[eth_grouped['Close'] == eth].index.values[0])\n\n#What is the highest closing value of Litecoin and when\nprint(\"Highest average value of LTC \", ltc,\"was recorded on \",ltc_grouped[ltc_grouped['Close'] == ltc].index.values[0])\n",
      "total-ns": 2695540
    },
    {
      "raw": "btc = btc_grouped['Volume'].max()\neth = eth_grouped['Volume'].max()\nltc = ltc_grouped['Volume'].max()\n\n\n#What is the highest closing volume of Bitcoin and when\nprint(\"Highest volume of BTC \", btc,\"was recorded on \",\n      btc_grouped[btc_grouped['Volume'] == btc].index.values[0])\n\n#What is the highest closing volume of Ethereum and when\nprint(\"Highest volume of ETH \", eth,\"was recorded on \",\n     eth_grouped[eth_grouped['Volume'] == eth].index.values[0])\n\n#What is the highest closing volume of Litecoin and when\nprint(\"Highest volume of LTC \", ltc,\"was recorded on \",\n     ltc_grouped[ltc_grouped['Volume'] == ltc].index.values[0])",
      "total-ns": 1940040
    },
    {
      "raw": "btc = btc_grouped[btc_grouped['Volume'] == btc_grouped['Volume'].max()]['Close'].values[0]\neth = eth_grouped[eth_grouped['Volume'] == eth_grouped['Volume'].max()]['Close'].values[0]\nltc = ltc_grouped[ltc_grouped['Volume'] == ltc_grouped['Volume'].max()]['Close'].values[0]\n\n#What is the closing value of Bitcoin and when the highest volume was transacted \nprint(\"Highest volume of BTC was\", btc_grouped['Volume'].max(),\"and mean closing value on that day was\",btc)\n\n#What is the highest closing volume of Ethereum and when\nprint(\"Highest volume of ETH \", eth_grouped['Volume'].max(),\"and mean closing value on that day was \",eth)\n\n#What is the highest closing volume of Litecoin and when\nprint(\"Highest volume of LTC \", ltc_grouped['Volume'].max(),\"and mean closing value on that day was \",ltc)\n",
      "total-ns": 2102799
    },
    {
      "raw": "#What is the closing value of Bitcoin and when the highest volume was transacted \nprint(\"Lowest average closing value of BTC \", btc_grouped['Close'].min())\n\n#What is the closing value of Bitcoin and when the highest volume was transacted \nprint(\"Lowest average closing value of ETH \", eth_grouped['Close'].min())\n\n#What is the closing value of Bitcoin and when the highest volume was transacted \nprint(\"Lowest average closing value of LTC \", ltc_grouped['Close'].min())",
      "total-ns": 675589
    },
    {
      "raw": "#Merge bitcoin and ethereum data\nbtc_eth = pd.merge(btc_grouped, eth_grouped, suffixes=('_btc', '_eth'), left_index=True, right_index=True)\nbtc_eth.head()",
      "total-ns": 1688180
    },
    {
      "raw": "#Merge litecoin with other two\nbtc_eth_ltc = pd.merge(btc_eth, ltc_grouped, left_index=True, right_index=True)\nbtc_eth_ltc.rename(columns={\"Close\": \"Close_ltc\", \"Volume\": \"Volume_ltc\"}, inplace=True)\nbtc_eth_ltc.head()",
      "total-ns": 1783550
    },
    {
      "raw": "#Corelation between the currencies\nbtc_eth_ltc.corr()",
      "total-ns": 1309079
    }
  ]
}