{
  "cells": [
    {
      "raw": "import numpy as np \nimport os\n\nimport pandas as pd\nimport functools\n\nimport os\nos.environ[\"MODIN_ENGINE\"] = \"ray\"\nimport ray\nos.environ['MODIN_CPUS'] = \"4\"\nray.init(num_cpus=4, runtime_env={'env_vars': {'__MODIN_AUTOIMPORT_PANDAS__': '1'}})\nimport modin.pandas as modin_pd\n\n\nos.environ[\"USE_MODIN\"]=\"True\"\n\nfrom typing import Dict, List, Optional, Tuple, Any, Literal, Callable\nfrom pandas._typing import AggFuncType, Axis\n\n_CS598_save_DataFrame_apply = pd.DataFrame.apply\n_CS598_save_Series_apply = pd.Series.apply\n\ndef _CS598_Series_apply(self, func: AggFuncType, convert_dtype: bool = True,\n                        args: tuple[Any, ...] = (), **kwargs):\n  default_call = functools.partial(_CS598_save_Series_apply, self, func, convert_dtype, args, **kwargs)\n  assert isinstance(self, pd.Series)\n  \n  if os.environ[\"USE_MODIN\"] == \"True\":\n    modin_ser = modin_pd.Series(self)\n    modin_call = functools.partial(modin_pd.Series.apply, modin_ser, func, convert_dtype, args, **kwargs)\n    modin_res = modin_call()\n    return modin_res._to_pandas()\n  return default_call()\n\nassert pd.Series.apply != _CS598_Series_apply\n# Overwriting is not trivial. Thanks to:\n# https://github.com/lux-org/lux/blob/550a2eca90b26c944ebe8600df7a51907bc851be/lux/core/__init__.py#L27\npd.Series.apply = pd.core.frame.Series.apply = _CS598_Series_apply\nimport seaborn as sns\nimport matplotlib.pyplot as plt\nimport plotly.express as px\n\n# from wordcloud import WordCloud\nimport string",
      "total-ns": 4738971932
    },
    {
      "raw": "df = pd.read_csv('../input/indian-startup-recognized-by-dpiit/Startup_Counts_Across_India.csv')\ndf.head().style.background_gradient(cmap='coolwarm')",
      "total-ns": 59847022
    },
    {
      "raw": "df = df\nintended_df_size_in_MB = 256\nfactor = intended_df_size_in_MB*(2**20)/df.memory_usage(index=True).sum()\nif int(factor) > 0:\n    df = pd.concat([df]*int(factor), ignore_index=True)\nelse:\n    rowCount = int(df.shape[0]*factor)\n    df = df[0:rowCount]\ndf = df\ndf.info()",
      "total-ns": 393028282
    },
    {
      "raw": "# STEFANOS: Disable plotting\n# fig = px.scatter(df,x=\"Industry\", y=\"Year\", size=\"Count\", color=\"Count\",template='plotly_dark', title=\"Industry Vs Year\")\n# fig.show()",
      "total-ns": 184550
    },
    {
      "raw": "# fig, ax = plt.subplots(1,1, figsize=(15, 6))\ndf_year = df['Year'].value_counts().sort_index()\n# STEFANOS: Disable plotting\n# ax.bar(df_year.index, df_year, width=0.55,linewidth=0.7, color = 'purple')\n# for i in df_year.index:\n#     ax.annotate(f\"{df_year[i]}\",xy=(i, df_year[i] + 100),\n#                    va = 'center', ha='center')\n# ax.set_ylim(0, 1300)    \n# fig.text(0.1, 0.95, \"Growth of Startup's from 2016-2022\", fontsize=15, fontweight='bold')    \n\n# ax.grid(axis='y', linestyle='-', alpha=0.4)  ",
      "total-ns": 28440467
    },
    {
      "raw": "df.groupby('Industry').size().sort_values(ascending=False).to_frame().style.background_gradient(cmap='coolwarm')",
      "total-ns": 356591921
    },
    {
      "raw": "# fig, ax = plt.subplots(1,1, figsize=(20, 6))\ndf_ind = df['Industry'].value_counts().iloc[:20]\n\n# STEFANOS: Disable plotting\n# ax.bar(df_ind.index, df_ind, width=0.55,linewidth=0.7, color = 'pink')\n# for i in df_ind.index:\n#     ax.annotate(f\"{df_ind[i]}\",xy=(i, df_ind[i] + 20),va = 'center', ha='center')\n# ax.set_ylim(0, 220)    \n# fig.text(0.1, 0.95, \"Top 20 Startup Industries from 2016\", fontsize=15, fontweight='bold')    \n# plt.xticks(rotation=90)\n# ax.grid(axis='y', linestyle='-', alpha=0.4)  ",
      "total-ns": 224749988
    },
    {
      "raw": "# fig, ax = plt.subplots(1,1, figsize=(20, 6))\nX = df['State'].value_counts().iloc[:20]\n\n# STEFANOS: Disable plotting\n# ax.bar(X.index, X, width=0.55,linewidth=0.7, color = 'lightblue')\n# for i in X.index:\n#     ax.annotate(f\"{X[i]}\",xy=(i, X[i] + 50),\n#                    va = 'center', ha='center')\n# ax.set_ylim(0, 400)    \n# fig.text(0.1, 0.95, \"Top 20 States Having maximum Start'ups from 2016\", fontsize=15, fontweight='bold')    \n# plt.xticks(rotation=90)\n# ax.grid(axis='y', linestyle='-', alpha=0.4)  ",
      "total-ns": 225768877
    },
    {
      "raw": "ds_list=['Internet of Things','AI','Robotics','Analytics','Computer Vision']\nds_df = df[df['Industry'].isin(ds_list)]",
      "total-ns": 239147457
    },
    {
      "raw": "# STEFANOS: Disable plotting\n# sns.set_style('whitegrid')\n# sns.catplot(x='Year', hue = 'Industry', kind='count', data=ds_df,palette=\"Set3\", height=8.27, aspect=11.7/8.27);\n# plt.show()",
      "total-ns": 213540
    }
  ]
}