{
  "cells": [
    {
      "raw": "\nimport pandas as pd\nimport functools\n\nimport os\nos.environ[\"MODIN_ENGINE\"] = \"ray\"\nimport ray\nos.environ['MODIN_CPUS'] = \"4\"\nray.init(num_cpus=4, runtime_env={'env_vars': {'__MODIN_AUTOIMPORT_PANDAS__': '1'}})\nimport modin.pandas as modin_pd\n\n\nos.environ[\"USE_MODIN\"]=\"True\"\n\nfrom typing import Dict, List, Optional, Tuple, Any, Literal, Callable\nfrom pandas._typing import AggFuncType, Axis\n\n_CS598_save_DataFrame_apply = pd.DataFrame.apply\n_CS598_save_Series_apply = pd.Series.apply\n\ndef _CS598_Series_apply(self, func: AggFuncType, convert_dtype: bool = True,\n                        args: tuple[Any, ...] = (), **kwargs):\n  default_call = functools.partial(_CS598_save_Series_apply, self, func, convert_dtype, args, **kwargs)\n  assert isinstance(self, pd.Series)\n  \n  if os.environ[\"USE_MODIN\"] == \"True\":\n    modin_ser = modin_pd.Series(self)\n    modin_call = functools.partial(modin_pd.Series.apply, modin_ser, func, convert_dtype, args, **kwargs)\n    modin_res = modin_call()\n    return modin_res._to_pandas()\n  return default_call()\n\nassert pd.Series.apply != _CS598_Series_apply\n# Overwriting is not trivial. Thanks to:\n# https://github.com/lux-org/lux/blob/550a2eca90b26c944ebe8600df7a51907bc851be/lux/core/__init__.py#L27\npd.Series.apply = pd.core.frame.Series.apply = _CS598_Series_apply\nimport numpy as np\npd.set_option('display.max_columns', 50)",
      "total-ns": 3459876117
    },
    {
      "raw": "df = pd.read_csv('../input/cybersecurity_attacks.csv', parse_dates=['Timestamp'], dtype={'Protocol':'category', 'Packet Type':'category', 'Traffic Type':'category', 'Attack Type':'category', 'Attack Signature':'category', 'Action Taken':'category', 'Severity Level':'category', 'Network Segment':'category', 'Log Source':'category'}).drop(columns=['Malware Indicators', 'Alerts/Warnings', 'Proxy Information', 'Firewall Logs', 'IDS/IPS Alerts'])",
      "total-ns": 699602696
    },
    {
      "raw": "df = df\nintended_df_size_in_MB = 256\nfactor = intended_df_size_in_MB*(2**20)/df.memory_usage(index=True).sum()\nif int(factor) > 0:\n    df = pd.concat([df]*int(factor), ignore_index=True)\nelse:\n    rowCount = int(df.shape[0]*factor)\n    df = df[0:rowCount]\ndf = df\ndf.info()",
      "total-ns": 389277238
    },
    {
      "raw": "df.head()",
      "total-ns": 534270
    },
    {
      "raw": "df.describe().T",
      "total-ns": 355440933
    },
    {
      "raw": "df.resample('M', on='Timestamp')['Attack Type']\n\ndf.resample('Y', on='Timestamp')['Attack Type']",
      "total-ns": 5092195245
    },
    {
      "raw": "data = pd.crosstab(df['Timestamp'], df['Attack Type']).resample('M').count().melt(ignore_index=False)",
      "total-ns": 834157364
    },
    {
      "raw": "df.groupby(df['Timestamp'].dt.time).agg({'Attack Type':'count'}).nlargest(10, 'Attack Type')",
      "total-ns": 1399950643
    },
    {
      "raw": "df.groupby('Attack Type')['Anomaly Scores'].mean().reset_index()",
      "total-ns": 16846099
    },
    {
      "raw": "pd.crosstab(df['Geo-location Data'], df['Attack Type']).nlargest(5, columns='DDoS')['DDoS']",
      "total-ns": 956744902
    },
    {
      "raw": "pd.crosstab(df['Geo-location Data'], df['Attack Type']).nlargest(5, columns='Malware')['Malware']",
      "total-ns": 916753632
    },
    {
      "raw": "pd.crosstab(df['Geo-location Data'], df['Attack Type']).nlargest(5, columns='Intrusion')['Intrusion']",
      "total-ns": 975008021
    }
  ]
}